0,1; 2,9603
0,2; 2,9169
0,3; 2,8735
0,4; 2,8301
0,5; 2,7866999999999997
0,6; 2,7432999999999996
0,7; 2,6998999999999995
0,8; 2,6564999999999994
0,89; 2,6130999999999993
0,99; 2,569699999999999
1,09; 2,526299999999999
1,2; 2,482899999999999
1,3; 2,439499999999999
1,4; 2,396099999999999
1,5; 2,3526999999999987
1,6; 2,3092999999999986
1,7; 2,2658999999999985
1,8; 2,2224999999999984
1,9; 2,1790999999999983
2,0; 2,135699999999998
2,1; 2,092299999999998
2,2; 2,048899999999998
2,3; 2,005499999999998
2,4; 1,9620999999999977
2,5; 1,9186999999999976
2,6; 1,8752999999999975
2,7; 1,8318999999999974
2,8; 1,7884999999999973
2,9; 1,7450999999999972
3,0; 1,701699999999997
3,1; 1,658299999999997
3,2; 1,614899999999997
3,3; 1,5714999999999968
3,4; 1,5280999999999967
3,5; 1,4846999999999966
3,6; 1,4412999999999965
3,7; 1,3978999999999964
3,8; 1,3544999999999963
3,9; 1,3110999999999962
4,0; 1,267699999999996
4,1; 1,224299999999996
4,2; 1,1808999999999958
4,3; 1,1374999999999957
4,4; 1,0940999999999956
4,5; 1,0506999999999955
4,59; 1,0072999999999954
4,69; 0,9638999999999954
4,79; 0,9204999999999954
4,89; 0,8770999999999954
4,99; 0,8336999999999954
5,09; 0,7902999999999955
5,19; 0,7468999999999955
5,29; 0,7034999999999955
5,39; 0,6600999999999955
5,49; 0,6166999999999955
5,59; 0,5732999999999955
5,69; 0,5298999999999955
5,79; 0,4864999999999955
5,89; 0,4430999999999955
5,99; 0,3996999999999955
6,09; 0,3562999999999955
6,19; 0,3128999999999955
6,29; 0,2694999999999955
6,39; 0,22609999999999553
6,49; 0,18269999999999553
6,59; 0,13929999999999554
6,69; 0,09589999999999554
6,79; 0,05249999999999555
6,89; 0,009099999999995556
6,99; 0
7,09; 0,023960000000000002
7,19; 0,047920000000000004
7,29; 0,07188
7,39; 0,09584000000000001
7,49; 0,11980000000000002
7,59; 0,14376000000000003
7,69; 0,16772000000000004
7,79; 0,19168000000000004
7,89; 0,21564000000000005
7,99; 0,23960000000000006
8,09; 0,26356000000000007
8,19; 0,28752000000000005
8,29; 0,31148000000000003
8,39; 0,33544
8,49; 0,3594
8,59; 0,38336
8,69; 0,40731999999999996
8,79; 0,43127999999999994
8,89; 0,4552399999999999
8,99; 0,4791999999999999
9,09; 0,5031599999999999
9,19; 0,5271199999999999
9,29; 0,5510799999999999
9,39; 0,5750399999999999
9,49; 0,5989999999999999
9,59; 0,6229599999999998
9,69; 0,6469199999999998
9,79; 0,6708799999999998
9,89; 0,6948399999999998
9,99; 0,7187999999999998
10,09; 0,7427599999999998
10,19; 0,7667199999999997
10,29; 0,7906799999999997
10,39; 0,8146399999999997
10,49; 0,8385999999999997
10,59; 0,8625599999999997
10,69; 0,8865199999999996
10,79; 0,9104799999999996
10,89; 0,9344399999999996
10,99; 0,9583999999999996
11,09; 0,9823599999999996
11,19; 1,0063199999999997
11,29; 1,0302799999999996
11,39; 1,0542399999999996
11,49; 1,0781999999999996
11,59; 1,1021599999999996
11,69; 1,1261199999999996
11,79; 1,1500799999999995
11,89; 1,1740399999999995
11,99; 1,1979999999999995
12,09; 1,2219599999999995
12,19; 1,2459199999999995
12,29; 1,2698799999999995
12,39; 1,2938399999999994
12,49; 1,3177999999999994
12,59; 1,3417599999999994
12,69; 1,3657199999999994
12,79; 1,3896799999999994
12,89; 1,4136399999999993
12,99; 1,4375999999999993
13,09; 1,4615599999999993
13,19; 1,4855199999999993
13,29; 1,5094799999999993
13,39; 1,5334399999999992
13,49; 1,5573999999999992
13,59; 1,5813599999999992
13,69; 1,6053199999999992
13,79; 1,6292799999999992
13,89; 1,6532399999999992
13,99; 1,6771999999999991
14,09; 1,7011599999999991
14,19; 1,725119999999999
14,29; 1,749079999999999
14,39; 1,773039999999999
14,49; 1,796999999999999
14,59; 1,820959999999999
14,69; 1,844919999999999
14,79; 1,868879999999999
14,89; 1,892839999999999
14,99; 1,916799999999999
15,09; 1,940759999999999
15,19; 1,964719999999999
15,29; 1,988679999999999
15,39; 2,012639999999999
15,49; 2,036599999999999
15,59; 2,0605599999999993
15,69; 2,0845199999999995
15,79; 2,1084799999999997
15,89; 2,13244
15,99; 2,0927599999999997
16,09; 2,0493599999999996
16,19; 2,0059599999999995
16,29; 1,9625599999999994
16,39; 1,9191599999999993
16,49; 1,8757599999999992
16,59; 1,832359999999999
16,69; 1,788959999999999
16,79; 1,745559999999999
16,89; 1,7021599999999988
16,99; 1,6587599999999987
17,09; 1,6153599999999986
17,19; 1,5719599999999985
17,29; 1,5285599999999984
17,39; 1,4851599999999983
17,49; 1,4417599999999982
17,59; 1,398359999999998
17,69; 1,354959999999998
17,79; 1,3115599999999978
17,89; 1,2681599999999977
17,99; 1,2247599999999976
18,09; 1,1813599999999975
18,19; 1,1379599999999974
18,29; 1,0945599999999973
18,39; 1,0511599999999972
18,49; 1,007759999999997
18,59; 0,9643599999999971
18,69; 0,9209599999999971
18,79; 0,8775599999999971
18,89; 0,8341599999999971
19,0; 0,7907599999999971
19,1; 0,7473599999999971
19,2; 0,7039599999999971
19,3; 0,6605599999999971
19,4; 0,6171599999999972
19,5; 0,5737599999999972
19,6; 0,5303599999999972
19,7; 0,4869599999999972
19,8; 0,4435599999999972
19,9; 0,4001599999999972
20,0; 0,3567599999999972
20,1; 0,3133599999999972
20,2; 0,2699599999999972
20,3; 0,2265599999999972
20,4; 0,18315999999999721
20,5; 0,13975999999999722
20,6; 0,09635999999999723
20,7; 0,05295999999999723
20,8; 0,009559999999997237
20,9; 0
21,0; 0,023960000000000002
21,1; 0,047920000000000004
21,2; 0,07188
21,3; 0,09584000000000001
21,4; 0,11980000000000002
21,5; 0,14376000000000003
21,6; 0,16772000000000004
21,7; 0,19168000000000004
21,8; 0,21564000000000005
21,9; 0,23960000000000006
22,0; 0,26356000000000007
22,1; 0,28752000000000005
22,2; 0,31148000000000003
22,3; 0,33544
22,4; 0,3594
22,5; 0,38336
22,6; 0,40731999999999996
22,7; 0,43127999999999994
22,8; 0,4552399999999999
22,9; 0,4791999999999999
23,0; 0,5031599999999999
23,1; 0,5271199999999999
23,2; 0,5510799999999999
23,3; 0,5750399999999999
23,4; 0,5989999999999999
23,5; 0,6229599999999998
23,6; 0,6469199999999998
23,7; 0,6708799999999998
23,8; 0,6948399999999998
23,9; 0,7187999999999998
24,0; 0,7427599999999998
24,1; 0,7667199999999997
24,2; 0,7906799999999997
24,3; 0,8146399999999997
24,4; 0,8385999999999997
24,5; 0,8625599999999997
24,6; 0,8865199999999996
24,7; 0,9104799999999996
24,8; 0,9344399999999996
24,9; 0,9583999999999996
25,0; 0,9823599999999996
25,1; 1,0063199999999997
25,2; 1,0302799999999996
25,3; 1,0542399999999996
25,4; 1,0781999999999996
25,5; 1,1021599999999996
25,6; 1,1261199999999996
25,7; 1,1500799999999995
25,8; 1,1740399999999995
25,9; 1,1979999999999995
26,0; 1,2219599999999995
26,1; 1,2459199999999995
26,2; 1,2698799999999995
26,3; 1,2938399999999994
26,4; 1,3177999999999994
26,5; 1,3417599999999994
26,6; 1,3657199999999994
26,7; 1,3896799999999994
26,8; 1,4136399999999993
26,9; 1,4375999999999993
27,0; 1,4615599999999993
27,1; 1,4855199999999993
27,2; 1,5094799999999993
27,3; 1,5334399999999992
27,4; 1,5573999999999992
27,5; 1,5813599999999992
27,6; 1,6053199999999992
27,7; 1,6292799999999992
27,8; 1,6532399999999992
27,9; 1,6771999999999991
28,0; 1,7011599999999991
28,1; 1,725119999999999
28,2; 1,749079999999999
28,3; 1,773039999999999
28,4; 1,796999999999999
28,5; 1,820959999999999
28,6; 1,844919999999999
28,7; 1,868879999999999
28,8; 1,892839999999999
28,9; 1,916799999999999
29,0; 1,940759999999999
29,1; 1,964719999999999
29,2; 1,988679999999999
29,3; 2,012639999999999
29,4; 2,036599999999999
29,5; 2,0605599999999993
29,6; 2,0845199999999995
29,7; 2,1084799999999997
29,8; 2,13244
29,9; 2,0927599999999997
30,0; 2,0493599999999996
30,1; 2,0059599999999995
30,2; 1,9625599999999994
30,3; 1,9191599999999993
30,4; 1,8757599999999992
30,5; 1,832359999999999
30,6; 1,788959999999999
30,7; 1,745559999999999
30,8; 1,7021599999999988
30,9; 1,6587599999999987
31,0; 1,6153599999999986
31,1; 1,5719599999999985
31,2; 1,5285599999999984
31,3; 1,4851599999999983
31,4; 1,4417599999999982
31,5; 1,398359999999998
31,6; 1,354959999999998
31,7; 1,3115599999999978
31,8; 1,2681599999999977
31,9; 1,2247599999999976
32,0; 1,1813599999999975
32,1; 1,1379599999999974
32,2; 1,0945599999999973
32,3; 1,0511599999999972
32,4; 1,007759999999997
32,5; 0,9643599999999971
32,6; 0,9209599999999971
32,7; 0,8775599999999971
32,8; 0,8341599999999971
32,9; 0,7907599999999971
33,0; 0,7473599999999971
33,1; 0,7039599999999971
33,2; 0,6605599999999971
33,3; 0,6171599999999972
33,4; 0,5737599999999972
33,5; 0,5303599999999972
33,6; 0,4869599999999972
33,7; 0,4435599999999972
33,8; 0,4001599999999972
33,9; 0,3567599999999972
34,0; 0,3133599999999972
34,1; 0,2699599999999972
34,2; 0,2265599999999972
34,3; 0,18315999999999721
34,4; 0,13975999999999722
34,5; 0,09635999999999723
34,6; 0,05295999999999723
34,7; 0,009559999999997237
34,8; 0
34,9; 0,023960000000000002
35,0; 0,047920000000000004
35,1; 0,07188
35,2; 0,09584000000000001
35,3; 0,11980000000000002
35,4; 0,14376000000000003
35,5; 0,16772000000000004
35,6; 0,19168000000000004
35,7; 0,21564000000000005
35,8; 0,23960000000000006
35,9; 0,26356000000000007
36,0; 0,28752000000000005
36,1; 0,31148000000000003
36,2; 0,33544
36,3; 0,3594
36,4; 0,38336
36,5; 0,40731999999999996
36,6; 0,43127999999999994
36,7; 0,4552399999999999
36,8; 0,4791999999999999
36,9; 0,5031599999999999
37,0; 0,5271199999999999
37,1; 0,5510799999999999
37,2; 0,5750399999999999
37,3; 0,5989999999999999
37,4; 0,6229599999999998
37,5; 0,6469199999999998
37,6; 0,6708799999999998
37,7; 0,6948399999999998
37,8; 0,7187999999999998
37,9; 0,7427599999999998
38,0; 0,7667199999999997
38,1; 0,7906799999999997
38,2; 0,8146399999999997
38,3; 0,8385999999999997
38,4; 0,8625599999999997
38,5; 0,8865199999999996
38,6; 0,9104799999999996
38,7; 0,9344399999999996
38,8; 0,9583999999999996
38,9; 0,9823599999999996
39,0; 1,0063199999999997
39,1; 1,0302799999999996
39,2; 1,0542399999999996
39,3; 1,0781999999999996
39,4; 1,1021599999999996
39,5; 1,1261199999999996
39,6; 1,1500799999999995
39,7; 1,1740399999999995
39,8; 1,1979999999999995
39,9; 1,2219599999999995
40,0; 1,2459199999999995
40,1; 1,2698799999999995
40,2; 1,2938399999999994
40,3; 1,3177999999999994
40,4; 1,3417599999999994
40,5; 1,3657199999999994
40,6; 1,3896799999999994
40,7; 1,4136399999999993
40,8; 1,4375999999999993
40,9; 1,4615599999999993
41,0; 1,4855199999999993
41,1; 1,5094799999999993
41,2; 1,5334399999999992
41,3; 1,5573999999999992
41,4; 1,5813599999999992
41,5; 1,6053199999999992
41,6; 1,6292799999999992
41,7; 1,6532399999999992
41,8; 1,6771999999999991
41,9; 1,7011599999999991
42,0; 1,725119999999999
42,1; 1,749079999999999
42,2; 1,773039999999999
42,3; 1,796999999999999
42,4; 1,820959999999999
42,5; 1,844919999999999
42,6; 1,868879999999999
42,7; 1,892839999999999
42,8; 1,916799999999999
42,9; 1,940759999999999
43,0; 1,964719999999999
43,1; 1,988679999999999
43,2; 2,012639999999999
43,3; 2,036599999999999
43,4; 2,0605599999999993
43,5; 2,0845199999999995
43,6; 2,1084799999999997
43,7; 2,13244
43,8; 2,0927599999999997
43,9; 2,0493599999999996
44,0; 2,0059599999999995
44,1; 1,9625599999999994
44,2; 1,9191599999999993
44,3; 1,8757599999999992
44,4; 1,832359999999999
44,5; 1,788959999999999
44,6; 1,745559999999999
44,7; 1,7021599999999988
44,8; 1,6587599999999987
44,9; 1,6153599999999986
45,0; 1,5719599999999985
45,1; 1,5285599999999984
45,2; 1,4851599999999983
45,3; 1,4417599999999982
45,4; 1,398359999999998
45,5; 1,354959999999998
45,6; 1,3115599999999978
45,7; 1,2681599999999977
45,8; 1,2247599999999976
45,9; 1,1813599999999975
46,0; 1,1379599999999974
46,1; 1,0945599999999973
46,2; 1,0511599999999972
46,3; 1,007759999999997
46,4; 0,9643599999999971
46,5; 0,9209599999999971
46,6; 0,8775599999999971
46,7; 0,8341599999999971
46,8; 0,7907599999999971
46,9; 0,7473599999999971
47,0; 0,7039599999999971
47,1; 0,6605599999999971
47,2; 0,6171599999999972
47,3; 0,5737599999999972
47,4; 0,5303599999999972
47,5; 0,4869599999999972
47,6; 0,4435599999999972
47,7; 0,4001599999999972
47,8; 0,3567599999999972
47,9; 0,3133599999999972
48,0; 0,2699599999999972
48,1; 0,2265599999999972
48,2; 0,18315999999999721
48,3; 0,13975999999999722
48,4; 0,09635999999999723
48,5; 0,05295999999999723
48,6; 0,009559999999997237
48,7; 0
48,8; 0,023960000000000002
48,9; 0,047920000000000004
49,0; 0,07188
49,1; 0,09584000000000001
49,2; 0,11980000000000002
49,3; 0,14376000000000003
49,4; 0,16772000000000004
49,5; 0,19168000000000004
49,6; 0,21564000000000005
49,7; 0,23960000000000006
49,8; 0,26356000000000007
49,9; 0,28752000000000005
50,0; 0,31148000000000003
50,1; 0,33544
50,2; 0,3594
50,3; 0,38336
50,4; 0,40731999999999996
50,5; 0,43127999999999994
50,6; 0,4552399999999999
50,7; 0,4791999999999999
50,8; 0,5031599999999999
50,9; 0,5271199999999999
51,0; 0,5510799999999999
51,1; 0,5750399999999999
51,2; 0,5989999999999999
51,3; 0,6229599999999998
51,4; 0,6469199999999998
51,5; 0,6708799999999998
51,6; 0,6948399999999998
51,7; 0,7187999999999998
51,8; 0,7427599999999998
51,9; 0,7667199999999997
52,0; 0,7906799999999997
52,1; 0,8146399999999997
52,2; 0,8385999999999997
52,3; 0,8625599999999997
52,4; 0,8865199999999996
52,5; 0,9104799999999996
52,6; 0,9344399999999996
52,7; 0,9583999999999996
52,8; 0,9823599999999996
52,9; 1,0063199999999997
53,0; 1,0302799999999996
53,1; 1,0542399999999996
53,2; 1,0781999999999996
53,3; 1,1021599999999996
53,4; 1,1261199999999996
53,5; 1,1500799999999995
53,6; 1,1740399999999995
53,7; 1,1979999999999995
53,8; 1,2219599999999995
53,9; 1,2459199999999995
54,0; 1,2698799999999995
54,1; 1,2938399999999994
54,2; 1,3177999999999994
54,3; 1,3417599999999994
54,4; 1,3657199999999994
54,5; 1,3896799999999994
54,6; 1,4136399999999993
54,7; 1,4375999999999993
54,8; 1,4615599999999993
54,9; 1,4855199999999993
55,0; 1,5094799999999993
55,1; 1,5334399999999992
55,2; 1,5573999999999992
55,3; 1,5813599999999992
55,4; 1,6053199999999992
55,5; 1,6292799999999992
55,6; 1,6532399999999992
55,7; 1,6771999999999991
55,8; 1,7011599999999991
55,9; 1,725119999999999
56,0; 1,749079999999999
56,1; 1,773039999999999
56,2; 1,796999999999999
56,3; 1,820959999999999
56,4; 1,844919999999999
56,5; 1,868879999999999
56,6; 1,892839999999999
56,7; 1,916799999999999
56,8; 1,940759999999999
56,9; 1,964719999999999
57,0; 1,988679999999999
57,1; 2,012639999999999
57,2; 2,036599999999999
57,3; 2,0605599999999993
57,4; 2,0845199999999995
57,5; 2,1084799999999997
57,6; 2,13244
57,7; 2,0927599999999997
57,8; 2,0493599999999996
57,9; 2,0059599999999995
58,0; 1,9625599999999994
58,1; 1,9191599999999993
58,2; 1,8757599999999992
58,3; 1,832359999999999
58,4; 1,788959999999999
58,5; 1,745559999999999
58,6; 1,7021599999999988
58,7; 1,6587599999999987
58,8; 1,6153599999999986
58,9; 1,5719599999999985
59,0; 1,5285599999999984
59,1; 1,4851599999999983
59,2; 1,4417599999999982
59,3; 1,398359999999998
59,4; 1,354959999999998
59,5; 1,3115599999999978
59,6; 1,2681599999999977
59,7; 1,2247599999999976
59,8; 1,1813599999999975
59,9; 1,1379599999999974
60,0; 1,0945599999999973
60,1; 1,0511599999999972
60,2; 1,007759999999997
60,3; 0,9643599999999971
60,4; 0,9209599999999971
60,5; 0,8775599999999971
60,6; 0,8341599999999971
60,7; 0,7907599999999971
60,8; 0,7473599999999971
60,9; 0,7039599999999971
61,0; 0,6605599999999971
61,1; 0,6171599999999972
61,2; 0,5737599999999972
61,3; 0,5303599999999972
61,4; 0,4869599999999972
61,5; 0,4435599999999972
61,6; 0,4001599999999972
61,7; 0,3567599999999972
61,8; 0,3133599999999972
61,9; 0,2699599999999972
62,0; 0,2265599999999972
62,1; 0,18315999999999721
62,2; 0,13975999999999722
62,3; 0,09635999999999723
62,4; 0,05295999999999723
62,5; 0,009559999999997237
62,6; 0
62,7; 0,023960000000000002
62,8; 0,047920000000000004
62,9; 0,07188
63,0; 0,09584000000000001
63,1; 0,11980000000000002
63,2; 0,14376000000000003
63,3; 0,16772000000000004
63,4; 0,19168000000000004
63,5; 0,21564000000000005
63,6; 0,23960000000000006
63,7; 0,26356000000000007
63,8; 0,28752000000000005
63,9; 0,31148000000000003
64,0; 0,33544
64,1; 0,3594
64,2; 0,38336
64,3; 0,40731999999999996
64,4; 0,43127999999999994
64,5; 0,4552399999999999
64,6; 0,4791999999999999
64,7; 0,5031599999999999
64,8; 0,5271199999999999
64,9; 0,5510799999999999
65,0; 0,5750399999999999
65,1; 0,5989999999999999
65,2; 0,6229599999999998
65,3; 0,6469199999999998
65,4; 0,6708799999999998
65,5; 0,6948399999999998
65,6; 0,7187999999999998
65,7; 0,7427599999999998
65,8; 0,7667199999999997
65,9; 0,7906799999999997
66,0; 0,8146399999999997
66,1; 0,8385999999999997
66,2; 0,8625599999999997
66,3; 0,8865199999999996
66,4; 0,9104799999999996
66,5; 0,9344399999999996
66,6; 0,9583999999999996
66,7; 0,9823599999999996
66,8; 1,0063199999999997
66,9; 1,0302799999999996
67,0; 1,0542399999999996
67,1; 1,0781999999999996
67,2; 1,1021599999999996
67,3; 1,1261199999999996
67,4; 1,1500799999999995
67,5; 1,1740399999999995
67,6; 1,1979999999999995
67,7; 1,2219599999999995
67,8; 1,2459199999999995
67,9; 1,2698799999999995
68,0; 1,2938399999999994
68,1; 1,3177999999999994
68,2; 1,3417599999999994
68,3; 1,3657199999999994
68,4; 1,3896799999999994
68,5; 1,4136399999999993
68,6; 1,4375999999999993
68,7; 1,4615599999999993
68,8; 1,4855199999999993
68,9; 1,5094799999999993
69,0; 1,5334399999999992
69,1; 1,5573999999999992
69,2; 1,5813599999999992
69,3; 1,6053199999999992
69,4; 1,6292799999999992
69,5; 1,6532399999999992
69,6; 1,6771999999999991
69,7; 1,7011599999999991
69,8; 1,725119999999999
69,9; 1,749079999999999
70,0; 1,773039999999999
70,1; 1,796999999999999
70,2; 1,820959999999999
70,3; 1,844919999999999
70,4; 1,868879999999999
70,5; 1,892839999999999
70,6; 1,916799999999999
70,7; 1,940759999999999
70,8; 1,964719999999999
70,9; 1,988679999999999
71,0; 2,012639999999999
71,1; 2,036599999999999
71,2; 2,0605599999999993
71,3; 2,0845199999999995
71,4; 2,1084799999999997
71,5; 2,13244
71,6; 2,0927599999999997
71,7; 2,0493599999999996
71,8; 2,0059599999999995
71,9; 1,9625599999999994
72,0; 1,9191599999999993
72,1; 1,8757599999999992
72,2; 1,832359999999999
72,3; 1,788959999999999
72,4; 1,745559999999999
72,5; 1,7021599999999988
72,6; 1,6587599999999987
72,7; 1,6153599999999986
72,8; 1,5719599999999985
72,9; 1,5285599999999984
73,0; 1,4851599999999983
73,1; 1,4417599999999982
73,2; 1,398359999999998
73,3; 1,354959999999998
73,4; 1,3115599999999978
73,5; 1,2681599999999977
73,6; 1,2247599999999976
73,7; 1,1813599999999975
73,8; 1,1379599999999974
73,9; 1,0945599999999973
74,0; 1,0511599999999972
74,1; 1,007759999999997
74,2; 0,9643599999999971
74,3; 0,9209599999999971
74,4; 0,8775599999999971
74,5; 0,8341599999999971
74,6; 0,7907599999999971
74,7; 0,7473599999999971
74,8; 0,7039599999999971
74,9; 0,6605599999999971
75,0; 0,6171599999999972
75,1; 0,5737599999999972
75,2; 0,5303599999999972
75,3; 0,4869599999999972
75,39; 0,4435599999999972
75,49; 0,4001599999999972
75,59; 0,3567599999999972
75,69; 0,3133599999999972
75,79; 0,2699599999999972
75,89; 0,2265599999999972
75,99; 0,18315999999999721
76,09; 0,13975999999999722
76,19; 0,09635999999999723
76,29; 0,05295999999999723
76,39; 0,009559999999997237
76,49; 0
76,59; 0,023960000000000002
76,69; 0,047920000000000004
76,79; 0,07188
76,89; 0,09584000000000001
76,99; 0,11980000000000002
77,09; 0,14376000000000003
77,19; 0,16772000000000004
77,29; 0,19168000000000004
77,39; 0,21564000000000005
77,49; 0,23960000000000006
77,59; 0,26356000000000007
77,69; 0,28752000000000005
77,79; 0,31148000000000003
77,89; 0,33544
77,99; 0,3594
78,09; 0,38336
78,19; 0,40731999999999996
78,29; 0,43127999999999994
78,39; 0,4552399999999999
78,49; 0,4791999999999999
78,59; 0,5031599999999999
78,69; 0,5271199999999999
78,79; 0,5510799999999999
78,89; 0,5750399999999999
78,99; 0,5989999999999999
79,09; 0,6229599999999998
79,19; 0,6469199999999998
79,29; 0,6708799999999998
79,39; 0,6948399999999998
79,49; 0,7187999999999998
79,59; 0,7427599999999998
79,69; 0,7667199999999997
79,79; 0,7906799999999997
79,89; 0,8146399999999997
79,99; 0,8385999999999997
80,09; 0,8625599999999997
80,19; 0,8865199999999996
80,29; 0,9104799999999996
80,39; 0,9344399999999996
80,49; 0,9583999999999996
80,59; 0,9823599999999996
80,69; 1,0063199999999997
80,79; 1,0302799999999996
80,89; 1,0542399999999996
80,99; 1,0781999999999996
81,09; 1,1021599999999996
81,19; 1,1261199999999996
81,29; 1,1500799999999995
81,39; 1,1740399999999995
81,49; 1,1979999999999995
81,59; 1,2219599999999995
81,69; 1,2459199999999995
81,79; 1,2698799999999995
81,89; 1,2938399999999994
81,99; 1,3177999999999994
82,09; 1,3417599999999994
82,19; 1,3657199999999994
82,29; 1,3896799999999994
82,39; 1,4136399999999993
82,49; 1,4375999999999993
82,59; 1,4615599999999993
82,69; 1,4855199999999993
82,79; 1,5094799999999993
82,89; 1,5334399999999992
82,99; 1,5573999999999992
83,09; 1,5813599999999992
83,19; 1,6053199999999992
83,29; 1,6292799999999992
83,39; 1,6532399999999992
83,49; 1,6771999999999991
83,59; 1,7011599999999991
83,69; 1,725119999999999
83,79; 1,749079999999999
83,89; 1,773039999999999
83,99; 1,796999999999999
84,09; 1,820959999999999
84,19; 1,844919999999999
84,29; 1,868879999999999
84,39; 1,892839999999999
84,49; 1,916799999999999
84,59; 1,940759999999999
84,69; 1,964719999999999
84,79; 1,988679999999999
84,89; 2,012639999999999
84,99; 2,036599999999999
85,09; 2,0605599999999993
85,19; 2,0845199999999995
85,29; 2,1084799999999997
85,39; 2,13244
85,49; 2,0927599999999997
85,59; 2,0493599999999996
85,69; 2,0059599999999995
85,79; 1,9625599999999994
85,89; 1,9191599999999993
85,99; 1,8757599999999992
86,09; 1,832359999999999
86,19; 1,788959999999999
86,29; 1,745559999999999
86,39; 1,7021599999999988
86,49; 1,6587599999999987
86,59; 1,6153599999999986
86,69; 1,5719599999999985
86,79; 1,5285599999999984
86,89; 1,4851599999999983
86,99; 1,4417599999999982
87,09; 1,398359999999998
87,19; 1,354959999999998
87,29; 1,3115599999999978
87,39; 1,2681599999999977
87,49; 1,2247599999999976
87,59; 1,1813599999999975
87,69; 1,1379599999999974
87,79; 1,0945599999999973
87,89; 1,0511599999999972
87,99; 1,007759999999997
88,09; 0,9643599999999971
88,19; 0,9209599999999971
88,29; 0,8775599999999971
88,39; 0,8341599999999971
88,49; 0,7907599999999971
88,59; 0,7473599999999971
88,69; 0,7039599999999971
88,79; 0,6605599999999971
88,89; 0,6171599999999972
88,99; 0,5737599999999972
89,09; 0,5303599999999972
89,19; 0,4869599999999972
89,29; 0,4435599999999972
89,39; 0,4001599999999972
89,49; 0,3567599999999972
89,59; 0,3133599999999972
89,69; 0,2699599999999972
89,79; 0,2265599999999972
89,89; 0,18315999999999721
89,99; 0,13975999999999722
90,09; 0,09635999999999723
90,19; 0,05295999999999723
90,29; 0,009559999999997237
90,39; 0
90,49; 0,023960000000000002
90,59; 0,047920000000000004
90,69; 0,07188
90,79; 0,09584000000000001
90,89; 0,11980000000000002
90,99; 0,14376000000000003
91,09; 0,16772000000000004
91,19; 0,19168000000000004
91,29; 0,21564000000000005
91,39; 0,23960000000000006
91,49; 0,26356000000000007
91,59; 0,28752000000000005
91,69; 0,31148000000000003
91,79; 0,33544
91,89; 0,3594
91,99; 0,38336
92,09; 0,40731999999999996
92,19; 0,43127999999999994
92,29; 0,4552399999999999
92,39; 0,4791999999999999
92,49; 0,5031599999999999
92,59; 0,5271199999999999
92,69; 0,5510799999999999
92,79; 0,5750399999999999
92,89; 0,5989999999999999
92,99; 0,6229599999999998
93,09; 0,6469199999999998
93,19; 0,6708799999999998
93,29; 0,6948399999999998
93,39; 0,7187999999999998
93,49; 0,7427599999999998
93,59; 0,7667199999999997
93,69; 0,7906799999999997
93,79; 0,8146399999999997
93,89; 0,8385999999999997
93,99; 0,8625599999999997
94,09; 0,8865199999999996
94,19; 0,9104799999999996
94,29; 0,9344399999999996
94,39; 0,9583999999999996
94,49; 0,9823599999999996
94,59; 1,0063199999999997
94,69; 1,0302799999999996
94,79; 1,0542399999999996
94,89; 1,0781999999999996
94,99; 1,1021599999999996
95,09; 1,1261199999999996
95,19; 1,1500799999999995
95,29; 1,1740399999999995
95,39; 1,1979999999999995
95,49; 1,2219599999999995
95,59; 1,2459199999999995
95,69; 1,2698799999999995
95,79; 1,2938399999999994
95,89; 1,3177999999999994
95,99; 1,3417599999999994
96,09; 1,3657199999999994
96,19; 1,3896799999999994
96,29; 1,4136399999999993
96,39; 1,4375999999999993
96,49; 1,4615599999999993
96,59; 1,4855199999999993
96,69; 1,5094799999999993
96,79; 1,5334399999999992
96,89; 1,5573999999999992
96,99; 1,5813599999999992
97,09; 1,6053199999999992
97,19; 1,6292799999999992
97,29; 1,6532399999999992
97,39; 1,6771999999999991
97,49; 1,7011599999999991
97,59; 1,725119999999999
97,69; 1,749079999999999
97,79; 1,773039999999999
97,89; 1,796999999999999
97,99; 1,820959999999999
98,09; 1,844919999999999
98,19; 1,868879999999999
98,29; 1,892839999999999
98,39; 1,916799999999999
98,49; 1,940759999999999
98,59; 1,964719999999999
98,69; 1,988679999999999
98,79; 2,012639999999999
98,89; 2,036599999999999
98,99; 2,0605599999999993
99,09; 2,0845199999999995
99,19; 2,1084799999999997
99,29; 2,13244
99,39; 2,0927599999999997
99,49; 2,0493599999999996
99,59; 2,0059599999999995
99,69; 1,9625599999999994
99,79; 1,9191599999999993
99,89; 1,8757599999999992
99,99; 1,832359999999999
100,09; 1,788959999999999
100,19; 1,745559999999999
100,29; 1,7021599999999988
100,39; 1,6587599999999987
100,49; 1,6153599999999986
100,59; 1,5719599999999985
100,69; 1,5285599999999984
100,79; 1,4851599999999983
100,89; 1,4417599999999982
100,99; 1,398359999999998
101,09; 1,354959999999998
101,19; 1,3115599999999978
101,29; 1,2681599999999977
101,39; 1,2247599999999976
101,49; 1,1813599999999975
101,59; 1,1379599999999974
101,69; 1,0945599999999973
101,79; 1,0511599999999972
101,89; 1,007759999999997
101,99; 0,9643599999999971
102,09; 0,9209599999999971
102,19; 0,8775599999999971
102,29; 0,8341599999999971
102,39; 0,7907599999999971
102,49; 0,7473599999999971
102,59; 0,7039599999999971
102,69; 0,6605599999999971
102,79; 0,6171599999999972
102,89; 0,5737599999999972
102,99; 0,5303599999999972
103,09; 0,4869599999999972
103,19; 0,4435599999999972
103,29; 0,4001599999999972
103,39; 0,3567599999999972
103,49; 0,3133599999999972
103,59; 0,2699599999999972
103,69; 0,2265599999999972
103,79; 0,18315999999999721
103,89; 0,13975999999999722
103,99; 0,09635999999999723
104,09; 0,05295999999999723
104,19; 0,009559999999997237
104,29; 0
104,39; 0,023960000000000002
104,49; 0,047920000000000004
104,59; 0,07188
104,69; 0,09584000000000001
104,79; 0,11980000000000002
104,89; 0,14376000000000003
104,99; 0,16772000000000004
105,09; 0,19168000000000004
105,19; 0,21564000000000005
105,29; 0,23960000000000006
105,39; 0,26356000000000007
105,49; 0,28752000000000005
105,59; 0,31148000000000003
105,69; 0,33544
105,79; 0,3594
105,89; 0,38336
105,99; 0,40731999999999996
106,09; 0,43127999999999994
106,19; 0,4552399999999999
106,29; 0,4791999999999999
106,39; 0,5031599999999999
106,49; 0,5271199999999999
106,59; 0,5510799999999999
106,69; 0,5750399999999999
106,79; 0,5989999999999999
106,89; 0,6229599999999998
106,99; 0,6469199999999998
107,09; 0,6708799999999998
107,19; 0,6948399999999998
107,29; 0,7187999999999998
107,39; 0,7427599999999998
107,49; 0,7667199999999997
107,59; 0,7906799999999997
107,69; 0,8146399999999997
107,79; 0,8385999999999997
107,89; 0,8625599999999997
107,99; 0,8865199999999996
108,09; 0,9104799999999996
108,19; 0,9344399999999996
108,29; 0,9583999999999996
108,39; 0,9823599999999996
108,49; 1,0063199999999997
108,59; 1,0302799999999996
108,69; 1,0542399999999996
108,79; 1,0781999999999996
108,89; 1,1021599999999996
108,99; 1,1261199999999996
109,09; 1,1500799999999995
109,19; 1,1740399999999995
109,29; 1,1979999999999995
109,39; 1,2219599999999995
109,49; 1,2459199999999995
109,59; 1,2698799999999995
109,69; 1,2938399999999994
109,79; 1,3177999999999994
109,89; 1,3417599999999994
109,99; 1,3657199999999994
110,09; 1,3896799999999994
110,19; 1,4136399999999993
110,29; 1,4375999999999993
110,39; 1,4615599999999993
110,49; 1,4855199999999993
110,59; 1,5094799999999993
110,69; 1,5334399999999992
110,79; 1,5573999999999992
110,89; 1,5813599999999992
110,99; 1,6053199999999992
111,09; 1,6292799999999992
111,19; 1,6532399999999992
111,29; 1,6771999999999991
111,39; 1,7011599999999991
111,49; 1,725119999999999
111,59; 1,749079999999999
111,69; 1,773039999999999
111,79; 1,796999999999999
111,89; 1,820959999999999
111,99; 1,844919999999999
112,09; 1,868879999999999
112,19; 1,892839999999999
112,29; 1,916799999999999
112,39; 1,940759999999999
112,49; 1,964719999999999
112,59; 1,988679999999999
112,69; 2,012639999999999
112,79; 2,036599999999999
112,89; 2,0605599999999993
112,99; 2,0845199999999995
113,09; 2,1084799999999997
113,19; 2,13244
113,29; 2,0927599999999997
113,39; 2,0493599999999996
113,49; 2,0059599999999995
113,59; 1,9625599999999994
113,69; 1,9191599999999993
113,79; 1,8757599999999992
113,89; 1,832359999999999
113,99; 1,788959999999999
114,09; 1,745559999999999
114,19; 1,7021599999999988
114,29; 1,6587599999999987
114,39; 1,6153599999999986
114,49; 1,5719599999999985
114,59; 1,5285599999999984
114,69; 1,4851599999999983
114,79; 1,4417599999999982
114,89; 1,398359999999998
114,99; 1,354959999999998
115,09; 1,3115599999999978
115,19; 1,2681599999999977
115,29; 1,2247599999999976
115,39; 1,1813599999999975
115,49; 1,1379599999999974
115,59; 1,0945599999999973
115,69; 1,0511599999999972
115,79; 1,007759999999997
115,89; 0,9643599999999971
115,99; 0,9209599999999971
116,09; 0,8775599999999971
116,19; 0,8341599999999971
116,29; 0,7907599999999971
116,39; 0,7473599999999971
116,49; 0,7039599999999971
116,59; 0,6605599999999971
116,69; 0,6171599999999972
116,79; 0,5737599999999972
116,89; 0,5303599999999972
116,99; 0,4869599999999972
117,09; 0,4435599999999972
117,19; 0,4001599999999972
117,29; 0,3567599999999972
117,39; 0,3133599999999972
117,49; 0,2699599999999972
117,59; 0,2265599999999972
117,69; 0,18315999999999721
117,79; 0,13975999999999722
117,89; 0,09635999999999723
117,99; 0,05295999999999723
118,09; 0,009559999999997237
118,19; 0
118,29; 0,023960000000000002
118,39; 0,047920000000000004
118,49; 0,07188
118,59; 0,09584000000000001
118,69; 0,11980000000000002
118,79; 0,14376000000000003
118,89; 0,16772000000000004
118,99; 0,19168000000000004
119,09; 0,21564000000000005
119,19; 0,23960000000000006
119,29; 0,26356000000000007
119,39; 0,28752000000000005
119,49; 0,31148000000000003
119,59; 0,33544
119,69; 0,3594
119,79; 0,38336
119,89; 0,40731999999999996
119,99; 0,43127999999999994
120,09; 0,4552399999999999
120,19; 0,4791999999999999
120,29; 0,5031599999999999
120,39; 0,5271199999999999
120,49; 0,5510799999999999
120,59; 0,5750399999999999
120,69; 0,5989999999999999
120,79; 0,6229599999999998
120,89; 0,6469199999999998
120,99; 0,6708799999999998
121,09; 0,6948399999999998
121,19; 0,7187999999999998
121,29; 0,7427599999999998
121,39; 0,7667199999999997
121,49; 0,7906799999999997
121,59; 0,8146399999999997
121,69; 0,8385999999999997
121,79; 0,8625599999999997
121,89; 0,8865199999999996
121,99; 0,9104799999999996
122,09; 0,9344399999999996
122,19; 0,9583999999999996
122,29; 0,9823599999999996
122,39; 1,0063199999999997
122,49; 1,0302799999999996
122,59; 1,0542399999999996
122,69; 1,0781999999999996
122,79; 1,1021599999999996
122,89; 1,1261199999999996
122,99; 1,1500799999999995
123,09; 1,1740399999999995
123,19; 1,1979999999999995
123,29; 1,2219599999999995
123,39; 1,2459199999999995
123,49; 1,2698799999999995
123,59; 1,2938399999999994
123,69; 1,3177999999999994
123,79; 1,3417599999999994
123,89; 1,3657199999999994
123,99; 1,3896799999999994
124,09; 1,4136399999999993
124,19; 1,4375999999999993
124,29; 1,4615599999999993
124,39; 1,4855199999999993
124,49; 1,5094799999999993
124,59; 1,5334399999999992
124,69; 1,5573999999999992
124,79; 1,5813599999999992
124,89; 1,6053199999999992
124,99; 1,6292799999999992
125,09; 1,6532399999999992
125,19; 1,6771999999999991
125,29; 1,7011599999999991
125,39; 1,725119999999999
125,49; 1,749079999999999
125,59; 1,773039999999999
125,69; 1,796999999999999
125,79; 1,820959999999999
125,89; 1,844919999999999
125,99; 1,868879999999999
126,09; 1,892839999999999
126,19; 1,916799999999999
126,29; 1,940759999999999
126,39; 1,964719999999999
126,49; 1,988679999999999
126,59; 2,012639999999999
126,69; 2,036599999999999
126,79; 2,0605599999999993
126,89; 2,0845199999999995
126,99; 2,1084799999999997
127,09; 2,13244
127,19; 2,0927599999999997
127,29; 2,0493599999999996
127,39; 2,0059599999999995
127,49; 1,9625599999999994
127,59; 1,9191599999999993
127,69; 1,8757599999999992
127,79; 1,832359999999999
127,89; 1,788959999999999
127,99; 1,745559999999999
128,09; 1,7021599999999988
128,19; 1,6587599999999987
128,29; 1,6153599999999986
128,39; 1,5719599999999985
128,49; 1,5285599999999984
128,59; 1,4851599999999983
128,69; 1,4417599999999982
128,79; 1,398359999999998
128,89; 1,354959999999998
128,99; 1,3115599999999978
129,09; 1,2681599999999977
129,19; 1,2247599999999976
129,29; 1,1813599999999975
129,39; 1,1379599999999974
129,49; 1,0945599999999973
129,59; 1,0511599999999972
129,69; 1,007759999999997
129,79; 0,9643599999999971
129,89; 0,9209599999999971
129,99; 0,8775599999999971
130,09; 0,8341599999999971
130,19; 0,7907599999999971
130,29; 0,7473599999999971
130,39; 0,7039599999999971
130,49; 0,6605599999999971
130,59; 0,6171599999999972
130,69; 0,5737599999999972
130,79; 0,5303599999999972
130,89; 0,4869599999999972
130,99; 0,4435599999999972
131,09; 0,4001599999999972
131,19; 0,3567599999999972
131,29; 0,3133599999999972
131,39; 0,2699599999999972
131,49; 0,2265599999999972
131,59; 0,18315999999999721
131,69; 0,13975999999999722
131,79; 0,09635999999999723
131,89; 0,05295999999999723
131,99; 0,009559999999997237
132,09; 0
132,19; 0,023960000000000002
132,29; 0,047920000000000004
132,39; 0,07188
132,49; 0,09584000000000001
132,59; 0,11980000000000002
132,69; 0,14376000000000003
132,79; 0,16772000000000004
132,89; 0,19168000000000004
132,99; 0,21564000000000005
133,09; 0,23960000000000006
133,19; 0,26356000000000007
133,29; 0,28752000000000005
133,39; 0,31148000000000003
133,49; 0,33544
133,59; 0,3594
133,69; 0,38336
133,79; 0,40731999999999996
133,89; 0,43127999999999994
133,99; 0,4552399999999999
134,09; 0,4791999999999999
134,19; 0,5031599999999999
134,29; 0,5271199999999999
134,39; 0,5510799999999999
134,49; 0,5750399999999999
134,59; 0,5989999999999999
134,69; 0,6229599999999998
134,79; 0,6469199999999998
134,89; 0,6708799999999998
134,99; 0,6948399999999998
135,09; 0,7187999999999998
135,19; 0,7427599999999998
135,29; 0,7667199999999997
135,39; 0,7906799999999997
135,49; 0,8146399999999997
135,59; 0,8385999999999997
135,69; 0,8625599999999997
135,79; 0,8865199999999996
135,89; 0,9104799999999996
135,99; 0,9344399999999996
136,09; 0,9583999999999996
136,19; 0,9823599999999996
136,29; 1,0063199999999997
136,39; 1,0302799999999996
136,49; 1,0542399999999996
136,59; 1,0781999999999996
136,69; 1,1021599999999996
136,79; 1,1261199999999996
136,89; 1,1500799999999995
136,99; 1,1740399999999995
137,09; 1,1979999999999995
137,19; 1,2219599999999995
137,29; 1,2459199999999995
137,39; 1,2698799999999995
137,49; 1,2938399999999994
137,59; 1,3177999999999994
137,69; 1,3417599999999994
137,79; 1,3657199999999994
137,89; 1,3896799999999994
137,99; 1,4136399999999993
138,09; 1,4375999999999993
138,19; 1,4615599999999993
138,29; 1,4855199999999993
138,39; 1,5094799999999993
138,49; 1,5334399999999992
138,59; 1,5573999999999992
138,69; 1,5813599999999992
138,79; 1,6053199999999992
138,89; 1,6292799999999992
138,99; 1,6532399999999992
139,09; 1,6771999999999991
139,19; 1,7011599999999991
139,29; 1,725119999999999
139,39; 1,749079999999999
139,49; 1,773039999999999
139,59; 1,796999999999999
139,69; 1,820959999999999
139,79; 1,844919999999999
139,89; 1,868879999999999
139,99; 1,892839999999999
140,09; 1,916799999999999
140,19; 1,940759999999999
140,29; 1,964719999999999
140,39; 1,988679999999999
140,49; 2,012639999999999
140,59; 2,036599999999999
140,69; 2,0605599999999993
140,79; 2,0845199999999995
140,89; 2,1084799999999997
140,99; 2,13244
141,09; 2,0927599999999997
141,19; 2,0493599999999996
141,29; 2,0059599999999995
141,39; 1,9625599999999994
141,49; 1,9191599999999993
141,59; 1,8757599999999992
141,69; 1,832359999999999
141,79; 1,788959999999999
141,89; 1,745559999999999
141,99; 1,7021599999999988
142,09; 1,6587599999999987
142,19; 1,6153599999999986
142,29; 1,5719599999999985
142,39; 1,5285599999999984
142,49; 1,4851599999999983
142,59; 1,4417599999999982
142,69; 1,398359999999998
142,79; 1,354959999999998
142,89; 1,3115599999999978
142,99; 1,2681599999999977
143,09; 1,2247599999999976
143,19; 1,1813599999999975
143,29; 1,1379599999999974
143,39; 1,0945599999999973
143,49; 1,0511599999999972
143,59; 1,007759999999997
143,69; 0,9643599999999971
143,79; 0,9209599999999971
143,89; 0,8775599999999971
143,99; 0,8341599999999971
144,09; 0,7907599999999971
144,19; 0,7473599999999971
144,29; 0,7039599999999971
144,39; 0,6605599999999971
144,49; 0,6171599999999972
144,59; 0,5737599999999972
144,69; 0,5303599999999972
144,79; 0,4869599999999972
144,89; 0,4435599999999972
144,99; 0,4001599999999972
145,09; 0,3567599999999972
145,19; 0,3133599999999972
145,29; 0,2699599999999972
145,39; 0,2265599999999972
145,49; 0,18315999999999721
145,59; 0,13975999999999722
145,69; 0,09635999999999723
145,79; 0,05295999999999723
145,89; 0,009559999999997237
145,99; 0
146,09; 0,023960000000000002
146,19; 0,047920000000000004
146,29; 0,07188
146,39; 0,09584000000000001
146,49; 0,11980000000000002
146,59; 0,14376000000000003
146,69; 0,16772000000000004
146,79; 0,19168000000000004
146,89; 0,21564000000000005
146,99; 0,23960000000000006
147,09; 0,26356000000000007
147,19; 0,28752000000000005
147,29; 0,31148000000000003
147,39; 0,33544
147,49; 0,3594
147,59; 0,38336
147,69; 0,40731999999999996
147,79; 0,43127999999999994
147,89; 0,4552399999999999
147,99; 0,4791999999999999
148,09; 0,5031599999999999
148,19; 0,5271199999999999
148,29; 0,5510799999999999
148,39; 0,5750399999999999
148,49; 0,5989999999999999
148,59; 0,6229599999999998
148,69; 0,6469199999999998
148,79; 0,6708799999999998
148,89; 0,6948399999999998
148,99; 0,7187999999999998
149,09; 0,7427599999999998
149,19; 0,7667199999999997
149,29; 0,7906799999999997
149,39; 0,8146399999999997
149,49; 0,8385999999999997
149,59; 0,8625599999999997
149,69; 0,8865199999999996
149,79; 0,9104799999999996
149,89; 0,9344399999999996
149,99; 0,9583999999999996
150,09; 0,9823599999999996
150,19; 1,0063199999999997
150,29; 1,0302799999999996
150,39; 1,0542399999999996
150,49; 1,0781999999999996
150,59; 1,1021599999999996
150,69; 1,1261199999999996
150,79; 1,1500799999999995
150,89; 1,1740399999999995
150,99; 1,1979999999999995
151,09; 1,2219599999999995
151,19; 1,2459199999999995
151,29; 1,2698799999999995
151,39; 1,2938399999999994
151,49; 1,3177999999999994
151,59; 1,3417599999999994
151,69; 1,3657199999999994
151,79; 1,3896799999999994
151,89; 1,4136399999999993
151,99; 1,4375999999999993
152,09; 1,4615599999999993
152,19; 1,4855199999999993
152,29; 1,5094799999999993
152,39; 1,5334399999999992
152,49; 1,5573999999999992
152,59; 1,5813599999999992
152,69; 1,6053199999999992
152,79; 1,6292799999999992
152,89; 1,6532399999999992
152,99; 1,6771999999999991
153,09; 1,7011599999999991
153,19; 1,725119999999999
153,29; 1,749079999999999
153,39; 1,773039999999999
153,49; 1,796999999999999
153,59; 1,820959999999999
153,69; 1,844919999999999
153,79; 1,868879999999999
153,89; 1,892839999999999
153,99; 1,916799999999999
154,09; 1,940759999999999
154,19; 1,964719999999999
154,29; 1,988679999999999
154,39; 2,012639999999999
154,49; 2,036599999999999
154,59; 2,0605599999999993
154,69; 2,0845199999999995
154,79; 2,1084799999999997
154,89; 2,13244
154,99; 2,0927599999999997
155,09; 2,0493599999999996
155,19; 2,0059599999999995
155,29; 1,9625599999999994
155,39; 1,9191599999999993
155,49; 1,8757599999999992
155,59; 1,832359999999999
155,69; 1,788959999999999
155,79; 1,745559999999999
155,89; 1,7021599999999988
155,99; 1,6587599999999987
156,09; 1,6153599999999986
156,19; 1,5719599999999985
156,29; 1,5285599999999984
156,39; 1,4851599999999983
156,49; 1,4417599999999982
156,59; 1,398359999999998
156,69; 1,354959999999998
156,79; 1,3115599999999978
156,89; 1,2681599999999977
156,99; 1,2247599999999976
157,09; 1,1813599999999975
157,19; 1,1379599999999974
157,29; 1,0945599999999973
157,39; 1,0511599999999972
157,49; 1,007759999999997
157,59; 0,9643599999999971
157,69; 0,9209599999999971
157,79; 0,8775599999999971
157,89; 0,8341599999999971
157,99; 0,7907599999999971
158,09; 0,7473599999999971
158,19; 0,7039599999999971
158,29; 0,6605599999999971
158,39; 0,6171599999999972
158,49; 0,5737599999999972
158,59; 0,5303599999999972
158,69; 0,4869599999999972
158,79; 0,4435599999999972
158,89; 0,4001599999999972
158,99; 0,3567599999999972
159,09; 0,3133599999999972
159,19; 0,2699599999999972
159,29; 0,2265599999999972
159,39; 0,18315999999999721
159,49; 0,13975999999999722
159,59; 0,09635999999999723
159,69; 0,05295999999999723
159,79; 0,009559999999997237
159,89; 0
159,99; 0,023960000000000002
160,09; 0,047920000000000004
160,19; 0,07188
160,29; 0,09584000000000001
160,39; 0,11980000000000002
160,49; 0,14376000000000003
160,59; 0,16772000000000004
160,69; 0,19168000000000004
160,79; 0,21564000000000005
160,89; 0,23960000000000006
160,99; 0,26356000000000007
161,09; 0,28752000000000005
161,19; 0,31148000000000003
161,29; 0,33544
161,39; 0,3594
161,49; 0,38336
161,59; 0,40731999999999996
161,69; 0,43127999999999994
161,79; 0,4552399999999999
161,89; 0,4791999999999999
161,99; 0,5031599999999999
162,09; 0,5271199999999999
162,19; 0,5510799999999999
162,29; 0,5750399999999999
162,39; 0,5989999999999999
162,49; 0,6229599999999998
162,59; 0,6469199999999998
162,69; 0,6708799999999998
162,79; 0,6948399999999998
162,89; 0,7187999999999998
162,99; 0,7427599999999998
163,09; 0,7667199999999997
163,19; 0,7906799999999997
163,29; 0,8146399999999997
163,39; 0,8385999999999997
163,49; 0,8625599999999997
163,59; 0,8865199999999996
163,69; 0,9104799999999996
163,79; 0,9344399999999996
163,89; 0,9583999999999996
163,99; 0,9823599999999996
164,09; 1,0063199999999997
164,19; 1,0302799999999996
164,29; 1,0542399999999996
164,39; 1,0781999999999996
164,49; 1,1021599999999996
164,59; 1,1261199999999996
164,69; 1,1500799999999995
164,79; 1,1740399999999995
164,89; 1,1979999999999995
164,99; 1,2219599999999995
165,09; 1,2459199999999995
165,19; 1,2698799999999995
165,29; 1,2938399999999994
165,39; 1,3177999999999994
165,49; 1,3417599999999994
165,59; 1,3657199999999994
165,69; 1,3896799999999994
165,79; 1,4136399999999993
165,89; 1,4375999999999993
165,99; 1,4615599999999993
166,09; 1,4855199999999993
166,19; 1,5094799999999993
166,29; 1,5334399999999992
166,39; 1,5573999999999992
166,49; 1,5813599999999992
166,59; 1,6053199999999992
166,69; 1,6292799999999992
166,79; 1,6532399999999992
166,89; 1,6771999999999991
166,99; 1,7011599999999991
167,09; 1,725119999999999
167,19; 1,749079999999999
167,29; 1,773039999999999
167,39; 1,796999999999999
167,49; 1,820959999999999
167,59; 1,844919999999999
167,69; 1,868879999999999
167,79; 1,892839999999999
167,89; 1,916799999999999
167,99; 1,940759999999999
168,09; 1,964719999999999
168,19; 1,988679999999999
168,29; 2,012639999999999
168,39; 2,036599999999999
168,49; 2,0605599999999993
168,59; 2,0845199999999995
168,69; 2,1084799999999997
168,79; 2,13244
168,89; 2,0927599999999997
168,99; 2,0493599999999996
169,09; 2,0059599999999995
169,19; 1,9625599999999994
169,29; 1,9191599999999993
169,39; 1,8757599999999992
169,49; 1,832359999999999
169,59; 1,788959999999999
169,69; 1,745559999999999
169,79; 1,7021599999999988
169,89; 1,6587599999999987
169,99; 1,6153599999999986
170,09; 1,5719599999999985
170,19; 1,5285599999999984
170,29; 1,4851599999999983
170,39; 1,4417599999999982
170,49; 1,398359999999998
170,59; 1,354959999999998
170,69; 1,3115599999999978
170,79; 1,2681599999999977
170,89; 1,2247599999999976
170,99; 1,1813599999999975
171,09; 1,1379599999999974
171,19; 1,0945599999999973
171,29; 1,0511599999999972
171,39; 1,007759999999997
171,49; 0,9643599999999971
171,59; 0,9209599999999971
171,69; 0,8775599999999971
171,79; 0,8341599999999971
171,89; 0,7907599999999971
171,99; 0,7473599999999971
172,09; 0,7039599999999971
172,19; 0,6605599999999971
172,29; 0,6171599999999972
172,39; 0,5737599999999972
172,49; 0,5303599999999972
172,59; 0,4869599999999972
172,69; 0,4435599999999972
172,79; 0,4001599999999972
172,89; 0,3567599999999972
172,99; 0,3133599999999972
173,09; 0,2699599999999972
173,19; 0,2265599999999972
173,29; 0,18315999999999721
173,39; 0,13975999999999722
173,49; 0,09635999999999723
173,59; 0,05295999999999723
173,69; 0,009559999999997237
173,79; 0
173,89; 0,023960000000000002
173,99; 0,047920000000000004
174,09; 0,07188
174,19; 0,09584000000000001
174,29; 0,11980000000000002
174,39; 0,14376000000000003
174,49; 0,16772000000000004
174,59; 0,19168000000000004
174,69; 0,21564000000000005
174,79; 0,23960000000000006
174,89; 0,26356000000000007
174,99; 0,28752000000000005
175,09; 0,31148000000000003
175,19; 0,33544
175,29; 0,3594
175,39; 0,38336
175,49; 0,40731999999999996
175,59; 0,43127999999999994
175,69; 0,4552399999999999
175,79; 0,4791999999999999
175,89; 0,5031599999999999
175,99; 0,5271199999999999
176,09; 0,5510799999999999
176,19; 0,5750399999999999
176,29; 0,5989999999999999
176,39; 0,6229599999999998
176,49; 0,6469199999999998
176,59; 0,6708799999999998
176,69; 0,6948399999999998
176,79; 0,7187999999999998
176,89; 0,7427599999999998
176,99; 0,7667199999999997
177,09; 0,7906799999999997
177,19; 0,8146399999999997
177,29; 0,8385999999999997
177,39; 0,8625599999999997
177,49; 0,8865199999999996
177,59; 0,9104799999999996
177,69; 0,9344399999999996
177,79; 0,9583999999999996
177,89; 0,9823599999999996
177,99; 1,0063199999999997
178,09; 1,0302799999999996
178,19; 1,0542399999999996
178,29; 1,0781999999999996
178,39; 1,1021599999999996
178,49; 1,1261199999999996
178,59; 1,1500799999999995
178,69; 1,1740399999999995
178,79; 1,1979999999999995
178,89; 1,2219599999999995
178,99; 1,2459199999999995
179,09; 1,2698799999999995
179,19; 1,2938399999999994
179,29; 1,3177999999999994
179,39; 1,3417599999999994
179,49; 1,3657199999999994
179,59; 1,3896799999999994
179,69; 1,4136399999999993
179,79; 1,4375999999999993
179,89; 1,4615599999999993
179,99; 1,4855199999999993
180,09; 1,5094799999999993
180,19; 1,5334399999999992
180,29; 1,5573999999999992
180,39; 1,5813599999999992
180,49; 1,6053199999999992
180,59; 1,6292799999999992
180,69; 1,6532399999999992
180,79; 1,6771999999999991
180,89; 1,7011599999999991
180,99; 1,725119999999999
181,09; 1,749079999999999
181,19; 1,773039999999999
181,29; 1,796999999999999
181,39; 1,820959999999999
181,49; 1,844919999999999
181,59; 1,868879999999999
181,69; 1,892839999999999
181,79; 1,916799999999999
181,89; 1,940759999999999
181,99; 1,964719999999999
182,09; 1,988679999999999
182,19; 2,012639999999999
182,29; 2,036599999999999
182,39; 2,0605599999999993
182,49; 2,0845199999999995
182,59; 2,1084799999999997
182,69; 2,13244
182,79; 2,0927599999999997
182,89; 2,0493599999999996
182,99; 2,0059599999999995
183,09; 1,9625599999999994
183,19; 1,9191599999999993
183,29; 1,8757599999999992
183,39; 1,832359999999999
183,49; 1,788959999999999
183,59; 1,745559999999999
183,69; 1,7021599999999988
183,79; 1,6587599999999987
183,89; 1,6153599999999986
183,99; 1,5719599999999985
184,09; 1,5285599999999984
184,19; 1,4851599999999983
184,29; 1,4417599999999982
184,39; 1,398359999999998
184,49; 1,354959999999998
184,59; 1,3115599999999978
184,69; 1,2681599999999977
184,79; 1,2247599999999976
184,89; 1,1813599999999975
184,99; 1,1379599999999974
185,09; 1,0945599999999973
185,19; 1,0511599999999972
185,29; 1,007759999999997
185,39; 0,9643599999999971
185,49; 0,9209599999999971
185,59; 0,8775599999999971
185,69; 0,8341599999999971
185,79; 0,7907599999999971
185,89; 0,7473599999999971
185,99; 0,7039599999999971
186,09; 0,6605599999999971
186,19; 0,6171599999999972
186,29; 0,5737599999999972
186,39; 0,5303599999999972
186,49; 0,4869599999999972
186,59; 0,4435599999999972
186,69; 0,4001599999999972
186,79; 0,3567599999999972
186,89; 0,3133599999999972
186,99; 0,2699599999999972
187,09; 0,2265599999999972
187,19; 0,18315999999999721
187,29; 0,13975999999999722
187,39; 0,09635999999999723
187,49; 0,05295999999999723
187,59; 0,009559999999997237
187,69; 0
187,79; 0,023960000000000002
187,89; 0,047920000000000004
187,99; 0,07188
188,09; 0,09584000000000001
188,19; 0,11980000000000002
188,29; 0,14376000000000003
188,39; 0,16772000000000004
188,49; 0,19168000000000004
188,59; 0,21564000000000005
188,69; 0,23960000000000006
188,79; 0,26356000000000007
188,89; 0,28752000000000005
188,99; 0,31148000000000003
189,09; 0,33544
189,19; 0,3594
189,29; 0,38336
189,39; 0,40731999999999996
189,49; 0,43127999999999994
189,59; 0,4552399999999999
189,69; 0,4791999999999999
189,79; 0,5031599999999999
189,89; 0,5271199999999999
189,99; 0,5510799999999999
190,09; 0,5750399999999999
190,19; 0,5989999999999999
190,29; 0,6229599999999998
190,39; 0,6469199999999998
190,49; 0,6708799999999998
190,59; 0,6948399999999998
190,69; 0,7187999999999998
190,79; 0,7427599999999998
190,89; 0,7667199999999997
190,99; 0,7906799999999997
191,09; 0,8146399999999997
191,19; 0,8385999999999997
191,29; 0,8625599999999997
191,39; 0,8865199999999996
191,49; 0,9104799999999996
191,59; 0,9344399999999996
191,69; 0,9583999999999996
191,79; 0,9823599999999996
191,89; 1,0063199999999997
191,99; 1,0302799999999996
192,09; 1,0542399999999996
192,19; 1,0781999999999996
192,29; 1,1021599999999996
192,39; 1,1261199999999996
192,49; 1,1500799999999995
192,59; 1,1740399999999995
192,69; 1,1979999999999995
192,79; 1,2219599999999995
192,89; 1,2459199999999995
192,99; 1,2698799999999995
193,09; 1,2938399999999994
193,19; 1,3177999999999994
193,29; 1,3417599999999994
193,39; 1,3657199999999994
193,49; 1,3896799999999994
193,59; 1,4136399999999993
193,69; 1,4375999999999993
193,79; 1,4615599999999993
193,89; 1,4855199999999993
193,99; 1,5094799999999993
194,09; 1,5334399999999992
194,19; 1,5573999999999992
194,29; 1,5813599999999992
194,39; 1,6053199999999992
194,49; 1,6292799999999992
194,59; 1,6532399999999992
194,69; 1,6771999999999991
194,79; 1,7011599999999991
194,89; 1,725119999999999
194,99; 1,749079999999999
195,09; 1,773039999999999
195,19; 1,796999999999999
195,29; 1,820959999999999
195,39; 1,844919999999999
195,49; 1,868879999999999
195,59; 1,892839999999999
195,69; 1,916799999999999
195,79; 1,940759999999999
195,89; 1,964719999999999
195,99; 1,988679999999999
196,09; 2,012639999999999
196,19; 2,036599999999999
196,29; 2,0605599999999993
196,39; 2,0845199999999995
196,49; 2,1084799999999997
196,59; 2,13244
196,69; 2,0927599999999997
196,79; 2,0493599999999996
196,89; 2,0059599999999995
196,99; 1,9625599999999994
197,09; 1,9191599999999993
197,19; 1,8757599999999992
197,29; 1,832359999999999
197,39; 1,788959999999999
197,49; 1,745559999999999
197,59; 1,7021599999999988
197,69; 1,6587599999999987
197,79; 1,6153599999999986
197,89; 1,5719599999999985
197,99; 1,5285599999999984
198,09; 1,4851599999999983
198,19; 1,4417599999999982
198,29; 1,398359999999998
198,39; 1,354959999999998
198,49; 1,3115599999999978
198,59; 1,2681599999999977
198,69; 1,2247599999999976
198,79; 1,1813599999999975
198,89; 1,1379599999999974
198,99; 1,0945599999999973
199,09; 1,0511599999999972
199,19; 1,007759999999997
199,29; 0,9643599999999971
199,39; 0,9209599999999971
199,49; 0,8775599999999971
199,59; 0,8341599999999971
199,69; 0,7907599999999971
199,79; 0,7473599999999971
199,89; 0,7039599999999971
199,99; 0,6605599999999971
200,09; 0,6171599999999972
200,19; 0,5737599999999972
200,29; 0,5303599999999972
200,39; 0,4869599999999972
200,49; 0,4435599999999972
200,59; 0,4001599999999972
200,69; 0,3567599999999972
200,79; 0,3133599999999972
200,89; 0,2699599999999972
200,99; 0,2265599999999972
201,09; 0,18315999999999721
201,19; 0,13975999999999722
201,29; 0,09635999999999723
201,39; 0,05295999999999723
201,49; 0,009559999999997237
201,59; 0
201,69; 0,023960000000000002
201,79; 0,047920000000000004
201,89; 0,07188
201,99; 0,09584000000000001
202,09; 0,11980000000000002
202,19; 0,14376000000000003
202,29; 0,16772000000000004
202,39; 0,19168000000000004
202,49; 0,21564000000000005
202,59; 0,23960000000000006
202,69; 0,26356000000000007
202,79; 0,28752000000000005
202,89; 0,31148000000000003
202,99; 0,33544
203,09; 0,3594
203,19; 0,38336
203,29; 0,40731999999999996
203,39; 0,43127999999999994
203,49; 0,4552399999999999
203,59; 0,4791999999999999
203,69; 0,5031599999999999
203,79; 0,5271199999999999
203,89; 0,5510799999999999
203,99; 0,5750399999999999
204,09; 0,5989999999999999
204,19; 0,6229599999999998
204,29; 0,6469199999999998
204,39; 0,6708799999999998
204,49; 0,6948399999999998
204,59; 0,7187999999999998
204,69; 0,7427599999999998
204,79; 0,7667199999999997
204,89; 0,7906799999999997
204,99; 0,8146399999999997
205,09; 0,8385999999999997
205,19; 0,8625599999999997
205,29; 0,8865199999999996
205,39; 0,9104799999999996
205,49; 0,9344399999999996
205,59; 0,9583999999999996
205,69; 0,9823599999999996
205,79; 1,0063199999999997
205,89; 1,0302799999999996
205,99; 1,0542399999999996
206,09; 1,0781999999999996
206,19; 1,1021599999999996
206,29; 1,1261199999999996
206,39; 1,1500799999999995
206,49; 1,1740399999999995
206,59; 1,1979999999999995
206,69; 1,2219599999999995
206,79; 1,2459199999999995
206,89; 1,2698799999999995
206,99; 1,2938399999999994
207,09; 1,3177999999999994
207,19; 1,3417599999999994
207,29; 1,3657199999999994
207,39; 1,3896799999999994
207,49; 1,4136399999999993
207,59; 1,4375999999999993
207,69; 1,4615599999999993
207,79; 1,4855199999999993
207,89; 1,5094799999999993
207,99; 1,5334399999999992
208,09; 1,5573999999999992
208,19; 1,5813599999999992
208,29; 1,6053199999999992
208,39; 1,6292799999999992
208,49; 1,6532399999999992
208,59; 1,6771999999999991
208,69; 1,7011599999999991
208,79; 1,725119999999999
208,89; 1,749079999999999
208,99; 1,773039999999999
209,09; 1,796999999999999
209,19; 1,820959999999999
209,29; 1,844919999999999
209,39; 1,868879999999999
209,49; 1,892839999999999
209,59; 1,916799999999999
209,69; 1,940759999999999
209,79; 1,964719999999999
209,89; 1,988679999999999
209,99; 2,012639999999999
210,09; 2,036599999999999
210,19; 2,0605599999999993
210,29; 2,0845199999999995
210,39; 2,1084799999999997
210,49; 2,13244
210,59; 2,0927599999999997
210,69; 2,0493599999999996
210,79; 2,0059599999999995
210,89; 1,9625599999999994
210,99; 1,9191599999999993
211,09; 1,8757599999999992
211,19; 1,832359999999999
211,29; 1,788959999999999
211,39; 1,745559999999999
211,49; 1,7021599999999988
211,59; 1,6587599999999987
211,69; 1,6153599999999986
211,79; 1,5719599999999985
211,89; 1,5285599999999984
211,99; 1,4851599999999983
212,09; 1,4417599999999982
212,19; 1,398359999999998
212,29; 1,354959999999998
212,39; 1,3115599999999978
212,49; 1,2681599999999977
212,59; 1,2247599999999976
212,69; 1,1813599999999975
212,79; 1,1379599999999974
212,89; 1,0945599999999973
212,99; 1,0511599999999972
213,09; 1,007759999999997
213,19; 0,9643599999999971
213,29; 0,9209599999999971
213,39; 0,8775599999999971
213,49; 0,8341599999999971
213,59; 0,7907599999999971
213,69; 0,7473599999999971
213,79; 0,7039599999999971
213,89; 0,6605599999999971
213,99; 0,6171599999999972
214,09; 0,5737599999999972
214,19; 0,5303599999999972
214,29; 0,4869599999999972
214,39; 0,4435599999999972
214,49; 0,4001599999999972
214,59; 0,3567599999999972
214,69; 0,3133599999999972
214,79; 0,2699599999999972
214,89; 0,2265599999999972
214,99; 0,18315999999999721
215,09; 0,13975999999999722
215,19; 0,09635999999999723
215,29; 0,05295999999999723
215,39; 0,009559999999997237
215,49; 0
215,59; 0,023960000000000002
215,69; 0,047920000000000004
215,79; 0,07188
215,89; 0,09584000000000001
215,99; 0,11980000000000002
216,09; 0,14376000000000003
216,19; 0,16772000000000004
216,29; 0,19168000000000004
216,39; 0,21564000000000005
216,49; 0,23960000000000006
216,59; 0,26356000000000007
216,69; 0,28752000000000005
216,79; 0,31148000000000003
216,89; 0,33544
216,99; 0,3594
217,09; 0,38336
217,19; 0,40731999999999996
217,29; 0,43127999999999994
217,39; 0,4552399999999999
217,49; 0,4791999999999999
217,59; 0,5031599999999999
217,69; 0,5271199999999999
217,79; 0,5510799999999999
217,89; 0,5750399999999999
217,99; 0,5989999999999999
218,09; 0,6229599999999998
218,19; 0,6469199999999998
218,29; 0,6708799999999998
218,39; 0,6948399999999998
218,49; 0,7187999999999998
218,59; 0,7427599999999998
218,69; 0,7667199999999997
218,79; 0,7906799999999997
218,89; 0,8146399999999997
218,99; 0,8385999999999997
219,09; 0,8625599999999997
219,19; 0,8865199999999996
219,29; 0,9104799999999996
219,39; 0,9344399999999996
219,49; 0,9583999999999996
219,59; 0,9823599999999996
219,69; 1,0063199999999997
219,79; 1,0302799999999996
219,89; 1,0542399999999996
219,99; 1,0781999999999996
220,09; 1,1021599999999996
220,19; 1,1261199999999996
220,29; 1,1500799999999995
220,39; 1,1740399999999995
220,49; 1,1979999999999995
220,59; 1,2219599999999995
220,69; 1,2459199999999995
220,79; 1,2698799999999995
220,89; 1,2938399999999994
220,99; 1,3177999999999994
221,09; 1,3417599999999994
221,19; 1,3657199999999994
221,29; 1,3896799999999994
221,39; 1,4136399999999993
221,49; 1,4375999999999993
221,59; 1,4615599999999993
221,69; 1,4855199999999993
221,79; 1,5094799999999993
221,89; 1,5334399999999992
221,99; 1,5573999999999992
222,09; 1,5813599999999992
222,19; 1,6053199999999992
222,29; 1,6292799999999992
222,39; 1,6532399999999992
222,49; 1,6771999999999991
222,59; 1,7011599999999991
222,69; 1,725119999999999
222,79; 1,749079999999999
222,89; 1,773039999999999
222,99; 1,796999999999999
223,09; 1,820959999999999
223,19; 1,844919999999999
223,29; 1,868879999999999
223,39; 1,892839999999999
223,49; 1,916799999999999
223,59; 1,940759999999999
223,69; 1,964719999999999
223,79; 1,988679999999999
223,89; 2,012639999999999
223,99; 2,036599999999999
224,09; 2,0605599999999993
224,19; 2,0845199999999995
224,29; 2,1084799999999997
224,39; 2,13244
224,49; 2,0927599999999997
224,59; 2,0493599999999996
224,69; 2,0059599999999995
224,79; 1,9625599999999994
224,89; 1,9191599999999993
224,99; 1,8757599999999992
225,09; 1,832359999999999
225,19; 1,788959999999999
225,29; 1,745559999999999
225,39; 1,7021599999999988
225,49; 1,6587599999999987
225,59; 1,6153599999999986
225,69; 1,5719599999999985
225,79; 1,5285599999999984
225,89; 1,4851599999999983
225,99; 1,4417599999999982
226,09; 1,398359999999998
226,19; 1,354959999999998
226,29; 1,3115599999999978
226,39; 1,2681599999999977
226,49; 1,2247599999999976
226,59; 1,1813599999999975
226,69; 1,1379599999999974
226,79; 1,0945599999999973
226,89; 1,0511599999999972
226,99; 1,007759999999997
227,09; 0,9643599999999971
227,19; 0,9209599999999971
227,29; 0,8775599999999971
227,39; 0,8341599999999971
227,49; 0,7907599999999971
227,59; 0,7473599999999971
227,69; 0,7039599999999971
227,79; 0,6605599999999971
227,89; 0,6171599999999972
227,99; 0,5737599999999972
228,09; 0,5303599999999972
228,19; 0,4869599999999972
228,29; 0,4435599999999972
228,39; 0,4001599999999972
228,49; 0,3567599999999972
228,59; 0,3133599999999972
228,69; 0,2699599999999972
228,79; 0,2265599999999972
228,89; 0,18315999999999721
228,99; 0,13975999999999722
229,09; 0,09635999999999723
229,19; 0,05295999999999723
229,29; 0,009559999999997237
229,39; 0
229,49; 0,023960000000000002
229,59; 0,047920000000000004
229,69; 0,07188
229,79; 0,09584000000000001
229,89; 0,11980000000000002
229,99; 0,14376000000000003
230,09; 0,16772000000000004
230,19; 0,19168000000000004
230,29; 0,21564000000000005
230,39; 0,23960000000000006
230,49; 0,26356000000000007
230,59; 0,28752000000000005
230,69; 0,31148000000000003
230,79; 0,33544
230,89; 0,3594
230,99; 0,38336
231,09; 0,40731999999999996
231,19; 0,43127999999999994
231,29; 0,4552399999999999
231,39; 0,4791999999999999
231,49; 0,5031599999999999
231,59; 0,5271199999999999
231,69; 0,5510799999999999
231,79; 0,5750399999999999
231,89; 0,5989999999999999
231,99; 0,6229599999999998
232,09; 0,6469199999999998
232,19; 0,6708799999999998
232,29; 0,6948399999999998
232,39; 0,7187999999999998
232,49; 0,7427599999999998
232,59; 0,7667199999999997
232,69; 0,7906799999999997
232,79; 0,8146399999999997
232,89; 0,8385999999999997
232,99; 0,8625599999999997
233,09; 0,8865199999999996
233,19; 0,9104799999999996
233,29; 0,9344399999999996
233,39; 0,9583999999999996
233,49; 0,9823599999999996
233,59; 1,0063199999999997
233,69; 1,0302799999999996
233,79; 1,0542399999999996
233,89; 1,0781999999999996
233,99; 1,1021599999999996
234,09; 1,1261199999999996
234,19; 1,1500799999999995
234,29; 1,1740399999999995
234,39; 1,1979999999999995
234,49; 1,2219599999999995
234,59; 1,2459199999999995
234,69; 1,2698799999999995
234,79; 1,2938399999999994
234,89; 1,3177999999999994
234,99; 1,3417599999999994
235,09; 1,3657199999999994
235,19; 1,3896799999999994
235,29; 1,4136399999999993
235,39; 1,4375999999999993
235,49; 1,4615599999999993
235,59; 1,4855199999999993
235,69; 1,5094799999999993
235,79; 1,5334399999999992
235,89; 1,5573999999999992
235,99; 1,5813599999999992
236,09; 1,6053199999999992
236,19; 1,6292799999999992
236,29; 1,6532399999999992
236,39; 1,6771999999999991
236,49; 1,7011599999999991
236,59; 1,725119999999999
236,69; 1,749079999999999
236,79; 1,773039999999999
236,89; 1,796999999999999
236,99; 1,820959999999999
237,09; 1,844919999999999
237,19; 1,868879999999999
237,29; 1,892839999999999
237,39; 1,916799999999999
237,49; 1,940759999999999
237,59; 1,964719999999999
237,69; 1,988679999999999
237,79; 2,012639999999999
237,89; 2,036599999999999
237,99; 2,0605599999999993
238,09; 2,0845199999999995
238,19; 2,1084799999999997
238,29; 2,13244
238,39; 2,0927599999999997
238,49; 2,0493599999999996
238,59; 2,0059599999999995
238,69; 1,9625599999999994
238,79; 1,9191599999999993
238,89; 1,8757599999999992
238,99; 1,832359999999999
239,09; 1,788959999999999
239,19; 1,745559999999999
239,29; 1,7021599999999988
239,39; 1,6587599999999987
239,49; 1,6153599999999986
239,59; 1,5719599999999985
239,69; 1,5285599999999984
239,79; 1,4851599999999983
239,89; 1,4417599999999982
239,99; 1,398359999999998
240,09; 1,354959999999998
240,19; 1,3115599999999978
240,29; 1,2681599999999977
240,39; 1,2247599999999976
240,49; 1,1813599999999975
240,59; 1,1379599999999974
240,69; 1,0945599999999973
240,79; 1,0511599999999972
240,89; 1,007759999999997
240,99; 0,9643599999999971
241,09; 0,9209599999999971
241,19; 0,8775599999999971
241,29; 0,8341599999999971
241,39; 0,7907599999999971
241,49; 0,7473599999999971
241,59; 0,7039599999999971
241,69; 0,6605599999999971
241,79; 0,6171599999999972
241,89; 0,5737599999999972
241,99; 0,5303599999999972
242,09; 0,4869599999999972
242,19; 0,4435599999999972
242,29; 0,4001599999999972
242,39; 0,3567599999999972
242,49; 0,3133599999999972
242,59; 0,2699599999999972
242,69; 0,2265599999999972
242,79; 0,18315999999999721
242,89; 0,13975999999999722
242,99; 0,09635999999999723
243,09; 0,05295999999999723
243,19; 0,009559999999997237
243,29; 0
243,39; 0,023960000000000002
243,49; 0,047920000000000004
243,59; 0,07188
243,69; 0,09584000000000001
243,79; 0,11980000000000002
243,89; 0,14376000000000003
243,99; 0,16772000000000004
244,09; 0,19168000000000004
244,19; 0,21564000000000005
244,29; 0,23960000000000006
244,39; 0,26356000000000007
244,49; 0,28752000000000005
244,59; 0,31148000000000003
244,69; 0,33544
244,79; 0,3594
244,89; 0,38336
244,99; 0,40731999999999996
245,09; 0,43127999999999994
245,19; 0,4552399999999999
245,29; 0,4791999999999999
245,39; 0,5031599999999999
245,49; 0,5271199999999999
245,59; 0,5510799999999999
245,69; 0,5750399999999999
245,79; 0,5989999999999999
245,89; 0,6229599999999998
245,99; 0,6469199999999998
246,09; 0,6708799999999998
246,19; 0,6948399999999998
246,29; 0,7187999999999998
246,39; 0,7427599999999998
246,49; 0,7667199999999997
246,59; 0,7906799999999997
246,69; 0,8146399999999997
246,79; 0,8385999999999997
246,89; 0,8625599999999997
246,99; 0,8865199999999996
247,09; 0,9104799999999996
247,19; 0,9344399999999996
247,29; 0,9583999999999996
247,39; 0,9823599999999996
247,49; 1,0063199999999997
247,59; 1,0302799999999996
247,69; 1,0542399999999996
247,79; 1,0781999999999996
247,89; 1,1021599999999996
247,99; 1,1261199999999996
248,09; 1,1500799999999995
248,19; 1,1740399999999995
248,29; 1,1979999999999995
248,39; 1,2219599999999995
248,49; 1,2459199999999995
248,59; 1,2698799999999995
248,69; 1,2938399999999994
248,79; 1,3177999999999994
248,89; 1,3417599999999994
248,99; 1,3657199999999994
249,09; 1,3896799999999994
249,19; 1,4136399999999993
249,29; 1,4375999999999993
249,39; 1,4615599999999993
249,49; 1,4855199999999993
249,59; 1,5094799999999993
249,69; 1,5334399999999992
249,79; 1,5573999999999992
249,89; 1,5813599999999992
249,99; 1,6053199999999992
250,09; 1,6292799999999992
250,19; 1,6532399999999992
250,29; 1,6771999999999991
250,39; 1,7011599999999991
250,49; 1,725119999999999
250,59; 1,749079999999999
250,69; 1,773039999999999
250,79; 1,796999999999999
250,89; 1,820959999999999
250,99; 1,844919999999999
251,09; 1,868879999999999
251,19; 1,892839999999999
251,29; 1,916799999999999
251,39; 1,940759999999999
251,49; 1,964719999999999
251,59; 1,988679999999999
251,69; 2,012639999999999
251,79; 2,036599999999999
251,89; 2,0605599999999993
251,99; 2,0845199999999995
252,09; 2,1084799999999997
252,19; 2,13244
252,29; 2,0927599999999997
252,39; 2,0493599999999996
252,49; 2,0059599999999995
252,59; 1,9625599999999994
252,69; 1,9191599999999993
252,79; 1,8757599999999992
252,89; 1,832359999999999
252,99; 1,788959999999999
253,09; 1,745559999999999
253,19; 1,7021599999999988
253,29; 1,6587599999999987
253,39; 1,6153599999999986
253,49; 1,5719599999999985
253,59; 1,5285599999999984
253,69; 1,4851599999999983
253,79; 1,4417599999999982
253,89; 1,398359999999998
253,99; 1,354959999999998
254,09; 1,3115599999999978
254,19; 1,2681599999999977
254,29; 1,2247599999999976
254,39; 1,1813599999999975
254,49; 1,1379599999999974
254,59; 1,0945599999999973
254,69; 1,0511599999999972
254,79; 1,007759999999997
254,89; 0,9643599999999971
254,99; 0,9209599999999971
255,09; 0,8775599999999971
255,19; 0,8341599999999971
255,29; 0,7907599999999971
255,39; 0,7473599999999971
255,49; 0,7039599999999971
255,59; 0,6605599999999971
255,69; 0,6171599999999972
255,79; 0,5737599999999972
255,89; 0,5303599999999972
255,99; 0,4869599999999972
256,09; 0,4435599999999972
256,19; 0,4001599999999972
256,29; 0,3567599999999972
256,39; 0,3133599999999972
256,49; 0,2699599999999972
256,59; 0,2265599999999972
256,69; 0,18315999999999721
256,79; 0,13975999999999722
256,89; 0,09635999999999723
256,99; 0,05295999999999723
257,09; 0,009559999999997237
257,19; 0
257,29; 0,023960000000000002
257,39; 0,047920000000000004
257,49; 0,07188
257,59; 0,09584000000000001
257,69; 0,11980000000000002
257,79; 0,14376000000000003
257,89; 0,16772000000000004
257,99; 0,19168000000000004
258,09; 0,21564000000000005
258,19; 0,23960000000000006
258,29; 0,26356000000000007
258,39; 0,28752000000000005
258,49; 0,31148000000000003
258,59; 0,33544
258,69; 0,3594
258,79; 0,38336
258,89; 0,40731999999999996
258,99; 0,43127999999999994
259,09; 0,4552399999999999
259,19; 0,4791999999999999
259,29; 0,5031599999999999
259,39; 0,5271199999999999
259,49; 0,5510799999999999
259,59; 0,5750399999999999
259,69; 0,5989999999999999
259,79; 0,6229599999999998
259,89; 0,6469199999999998
259,99; 0,6708799999999998
260,09; 0,6948399999999998
260,19; 0,7187999999999998
260,29; 0,7427599999999998
260,39; 0,7667199999999997
260,49; 0,7906799999999997
260,59; 0,8146399999999997
260,69; 0,8385999999999997
260,79; 0,8625599999999997
260,89; 0,8865199999999996
260,99; 0,9104799999999996
261,09; 0,9344399999999996
261,19; 0,9583999999999996
261,29; 0,9823599999999996
261,39; 1,0063199999999997
261,49; 1,0302799999999996
261,59; 1,0542399999999996
261,69; 1,0781999999999996
261,79; 1,1021599999999996
261,89; 1,1261199999999996
261,99; 1,1500799999999995
262,09; 1,1740399999999995
262,19; 1,1979999999999995
262,29; 1,2219599999999995
262,39; 1,2459199999999995
262,49; 1,2698799999999995
262,59; 1,2938399999999994
262,69; 1,3177999999999994
262,79; 1,3417599999999994
262,89; 1,3657199999999994
262,99; 1,3896799999999994
263,09; 1,4136399999999993
263,19; 1,4375999999999993
263,29; 1,4615599999999993
263,39; 1,4855199999999993
263,49; 1,5094799999999993
263,59; 1,5334399999999992
263,69; 1,5573999999999992
263,79; 1,5813599999999992
263,89; 1,6053199999999992
263,99; 1,6292799999999992
264,09; 1,6532399999999992
264,19; 1,6771999999999991
264,29; 1,7011599999999991
264,39; 1,725119999999999
264,49; 1,749079999999999
264,59; 1,773039999999999
264,69; 1,796999999999999
264,79; 1,820959999999999
264,89; 1,844919999999999
264,99; 1,868879999999999
265,09; 1,892839999999999
265,19; 1,916799999999999
265,29; 1,940759999999999
265,39; 1,964719999999999
265,49; 1,988679999999999
265,59; 2,012639999999999
265,69; 2,036599999999999
265,79; 2,0605599999999993
265,89; 2,0845199999999995
265,99; 2,1084799999999997
266,09; 2,13244
266,19; 2,0927599999999997
266,29; 2,0493599999999996
266,39; 2,0059599999999995
266,49; 1,9625599999999994
266,59; 1,9191599999999993
266,69; 1,8757599999999992
266,79; 1,832359999999999
266,89; 1,788959999999999
266,99; 1,745559999999999
267,09; 1,7021599999999988
267,19; 1,6587599999999987
267,29; 1,6153599999999986
267,39; 1,5719599999999985
267,49; 1,5285599999999984
267,59; 1,4851599999999983
267,69; 1,4417599999999982
267,79; 1,398359999999998
267,89; 1,354959999999998
267,99; 1,3115599999999978
268,09; 1,2681599999999977
268,19; 1,2247599999999976
268,29; 1,1813599999999975
268,39; 1,1379599999999974
268,49; 1,0945599999999973
268,59; 1,0511599999999972
268,69; 1,007759999999997
268,79; 0,9643599999999971
268,89; 0,9209599999999971
268,99; 0,8775599999999971
269,09; 0,8341599999999971
269,19; 0,7907599999999971
269,29; 0,7473599999999971
269,39; 0,7039599999999971
269,49; 0,6605599999999971
269,59; 0,6171599999999972
269,69; 0,5737599999999972
269,79; 0,5303599999999972
269,89; 0,4869599999999972
269,99; 0,4435599999999972
270,09; 0,4001599999999972
270,19; 0,3567599999999972
270,29; 0,3133599999999972
270,39; 0,2699599999999972
270,49; 0,2265599999999972
270,59; 0,18315999999999721
270,69; 0,13975999999999722
270,79; 0,09635999999999723
270,89; 0,05295999999999723
270,99; 0,009559999999997237
271,09; 0
271,19; 0,023960000000000002
271,29; 0,047920000000000004
271,39; 0,07188
271,49; 0,09584000000000001
271,59; 0,11980000000000002
271,69; 0,14376000000000003
271,79; 0,16772000000000004
271,89; 0,19168000000000004
271,99; 0,21564000000000005
272,09; 0,23960000000000006
272,19; 0,26356000000000007
272,29; 0,28752000000000005
272,39; 0,31148000000000003
272,49; 0,33544
272,59; 0,3594
272,69; 0,38336
272,79; 0,40731999999999996
272,89; 0,43127999999999994
272,99; 0,4552399999999999
273,09; 0,4791999999999999
273,19; 0,5031599999999999
273,29; 0,5271199999999999
273,39; 0,5510799999999999
273,49; 0,5750399999999999
273,59; 0,5989999999999999
273,69; 0,6229599999999998
273,79; 0,6469199999999998
273,89; 0,6708799999999998
273,99; 0,6948399999999998
274,09; 0,7187999999999998
274,19; 0,7427599999999998
274,29; 0,7667199999999997
274,39; 0,7906799999999997
274,49; 0,8146399999999997
274,59; 0,8385999999999997
274,69; 0,8625599999999997
274,79; 0,8865199999999996
274,89; 0,9104799999999996
274,99; 0,9344399999999996
275,09; 0,9583999999999996
275,19; 0,9823599999999996
275,29; 1,0063199999999997
275,39; 1,0302799999999996
275,49; 1,0542399999999996
275,59; 1,0781999999999996
275,69; 1,1021599999999996
275,79; 1,1261199999999996
275,89; 1,1500799999999995
275,99; 1,1740399999999995
276,09; 1,1979999999999995
276,19; 1,2219599999999995
276,29; 1,2459199999999995
276,39; 1,2698799999999995
276,49; 1,2938399999999994
276,59; 1,3177999999999994
276,69; 1,3417599999999994
276,79; 1,3657199999999994
276,89; 1,3896799999999994
276,99; 1,4136399999999993
277,09; 1,4375999999999993
277,19; 1,4615599999999993
277,29; 1,4855199999999993
277,39; 1,5094799999999993
277,49; 1,5334399999999992
277,59; 1,5573999999999992
277,69; 1,5813599999999992
277,79; 1,6053199999999992
277,89; 1,6292799999999992
277,99; 1,6532399999999992
278,09; 1,6771999999999991
278,19; 1,7011599999999991
278,29; 1,725119999999999
278,39; 1,749079999999999
278,49; 1,773039999999999
278,59; 1,796999999999999
278,69; 1,820959999999999
278,79; 1,844919999999999
278,89; 1,868879999999999
278,99; 1,892839999999999
279,09; 1,916799999999999
279,19; 1,940759999999999
279,29; 1,964719999999999
279,39; 1,988679999999999
279,49; 2,012639999999999
279,59; 2,036599999999999
279,69; 2,0605599999999993
279,79; 2,0845199999999995
279,89; 2,1084799999999997
279,99; 2,13244
280,09; 2,0927599999999997
280,19; 2,0493599999999996
280,29; 2,0059599999999995
280,39; 1,9625599999999994
280,49; 1,9191599999999993
280,59; 1,8757599999999992
280,69; 1,832359999999999
280,79; 1,788959999999999
280,89; 1,745559999999999
280,99; 1,7021599999999988
281,09; 1,6587599999999987
281,19; 1,6153599999999986
281,29; 1,5719599999999985
281,39; 1,5285599999999984
281,49; 1,4851599999999983
281,59; 1,4417599999999982
281,69; 1,398359999999998
281,79; 1,354959999999998
281,89; 1,3115599999999978
281,99; 1,2681599999999977
282,09; 1,2247599999999976
282,19; 1,1813599999999975
282,29; 1,1379599999999974
282,39; 1,0945599999999973
282,49; 1,0511599999999972
282,59; 1,007759999999997
282,69; 0,9643599999999971
282,79; 0,9209599999999971
282,89; 0,8775599999999971
282,99; 0,8341599999999971
283,09; 0,7907599999999971
283,19; 0,7473599999999971
283,29; 0,7039599999999971
283,39; 0,6605599999999971
283,49; 0,6171599999999972
283,59; 0,5737599999999972
283,69; 0,5303599999999972
283,79; 0,4869599999999972
283,89; 0,4435599999999972
283,99; 0,4001599999999972
284,09; 0,3567599999999972
284,19; 0,3133599999999972
284,29; 0,2699599999999972
284,39; 0,2265599999999972
284,49; 0,18315999999999721
284,59; 0,13975999999999722
284,69; 0,09635999999999723
284,79; 0,05295999999999723
284,89; 0,009559999999997237
284,99; 0
285,09; 0,023960000000000002
285,19; 0,047920000000000004
285,29; 0,07188
285,39; 0,09584000000000001
285,49; 0,11980000000000002
285,59; 0,14376000000000003
285,69; 0,16772000000000004
285,79; 0,19168000000000004
285,89; 0,21564000000000005
285,99; 0,23960000000000006
286,09; 0,26356000000000007
286,19; 0,28752000000000005
286,29; 0,31148000000000003
286,39; 0,33544
286,49; 0,3594
286,59; 0,38336
286,69; 0,40731999999999996
286,79; 0,43127999999999994
286,89; 0,4552399999999999
286,99; 0,4791999999999999
287,09; 0,5031599999999999
287,19; 0,5271199999999999
287,29; 0,5510799999999999
287,39; 0,5750399999999999
287,49; 0,5989999999999999
287,59; 0,6229599999999998
287,69; 0,6469199999999998
287,79; 0,6708799999999998
287,89; 0,6948399999999998
287,99; 0,7187999999999998
288,09; 0,7427599999999998
288,19; 0,7667199999999997
288,29; 0,7906799999999997
288,39; 0,8146399999999997
288,49; 0,8385999999999997
288,59; 0,8625599999999997
288,69; 0,8865199999999996
288,79; 0,9104799999999996
288,89; 0,9344399999999996
288,99; 0,9583999999999996
289,09; 0,9823599999999996
289,19; 1,0063199999999997
289,29; 1,0302799999999996
289,39; 1,0542399999999996
289,49; 1,0781999999999996
289,59; 1,1021599999999996
289,69; 1,1261199999999996
289,79; 1,1500799999999995
289,89; 1,1740399999999995
289,99; 1,1979999999999995
290,09; 1,2219599999999995
290,19; 1,2459199999999995
290,29; 1,2698799999999995
290,39; 1,2938399999999994
290,49; 1,3177999999999994
290,59; 1,3417599999999994
290,69; 1,3657199999999994
290,79; 1,3896799999999994
290,89; 1,4136399999999993
290,99; 1,4375999999999993
291,09; 1,4615599999999993
291,19; 1,4855199999999993
291,29; 1,5094799999999993
291,39; 1,5334399999999992
291,49; 1,5573999999999992
291,59; 1,5813599999999992
291,69; 1,6053199999999992
291,79; 1,6292799999999992
291,89; 1,6532399999999992
291,99; 1,6771999999999991
292,09; 1,7011599999999991
292,19; 1,725119999999999
292,29; 1,749079999999999
292,39; 1,773039999999999
292,49; 1,796999999999999
292,59; 1,820959999999999
292,69; 1,844919999999999
292,79; 1,868879999999999
292,89; 1,892839999999999
292,99; 1,916799999999999
293,09; 1,940759999999999
293,19; 1,964719999999999
293,29; 1,988679999999999
293,39; 2,012639999999999
293,49; 2,036599999999999
293,59; 2,0605599999999993
293,69; 2,0845199999999995
293,79; 2,1084799999999997
293,89; 2,13244
293,99; 2,0927599999999997
294,09; 2,0493599999999996
294,19; 2,0059599999999995
294,29; 1,9625599999999994
294,39; 1,9191599999999993
294,49; 1,8757599999999992
294,59; 1,832359999999999
294,69; 1,788959999999999
294,79; 1,745559999999999
294,89; 1,7021599999999988
294,99; 1,6587599999999987
295,09; 1,6153599999999986
295,19; 1,5719599999999985
295,29; 1,5285599999999984
295,39; 1,4851599999999983
295,49; 1,4417599999999982
295,59; 1,398359999999998
295,69; 1,354959999999998
295,79; 1,3115599999999978
295,89; 1,2681599999999977
295,99; 1,2247599999999976
296,09; 1,1813599999999975
296,19; 1,1379599999999974
296,29; 1,0945599999999973
296,39; 1,0511599999999972
296,49; 1,007759999999997
296,59; 0,9643599999999971
296,69; 0,9209599999999971
296,79; 0,8775599999999971
296,89; 0,8341599999999971
296,99; 0,7907599999999971
297,09; 0,7473599999999971
297,19; 0,7039599999999971
297,29; 0,6605599999999971
297,39; 0,6171599999999972
297,49; 0,5737599999999972
297,59; 0,5303599999999972
297,69; 0,4869599999999972
297,79; 0,4435599999999972
297,89; 0,4001599999999972
297,99; 0,3567599999999972
298,09; 0,3133599999999972
298,19; 0,2699599999999972
298,29; 0,2265599999999972
298,39; 0,18315999999999721
298,49; 0,13975999999999722
298,59; 0,09635999999999723
298,69; 0,05295999999999723
298,79; 0,009559999999997237
298,89; 0
298,99; 0,023960000000000002
299,09; 0,047920000000000004
299,19; 0,07188
299,29; 0,09584000000000001
299,39; 0,11980000000000002
299,49; 0,14376000000000003
299,59; 0,16772000000000004
299,69; 0,19168000000000004
299,79; 0,21564000000000005
299,89; 0,23960000000000006
299,99; 0,26356000000000007
300,09; 0,28752000000000005
